slots,singlecross,doublecross,maxgen,popsize,sim,guesses,time,generations
3,0.0,1.0,50,50,0,6.0,0.8862347602844238,113.0
3,0.0,1.0,50,50,1,4.0,0.33717989921569824,54.0
3,0.0,1.0,50,50,2,4.0,0.040958404541015625,6.0
3,0.0,1.0,50,50,3,3.0,0.26636743545532227,51.0
3,0.0,1.0,50,50,4,6.0,0.8106684684753418,105.0
3,0.0,1.0,50,50,5,6.0,0.4685208797454834,61.0
3,0.0,1.0,50,50,6,4.0,0.0820016860961914,11.0
3,0.0,1.0,50,50,7,5.0,0.5461587905883789,78.0
3,0.0,1.0,50,50,8,3.0,0.24860358238220215,53.0
3,0.0,1.0,50,50,9,5.0,0.4387390613555908,53.0
3,0.0,1.0,50,100,0,6.0,1.8176851272583008,108.0
3,0.0,1.0,50,100,1,8.0,5.203197956085205,210.0
3,0.0,1.0,50,100,2,5.0,5.03661036491394,103.0
3,0.0,1.0,50,100,3,7.0,8.18221378326416,157.0
3,0.0,1.0,50,100,4,5.0,3.5468862056732178,102.0
3,0.0,1.0,50,100,5,4.0,1.6671531200408936,53.0
3,0.0,1.0,50,100,6,6.0,4.0650715827941895,105.0
3,0.0,1.0,50,100,7,5.0,3.632662057876587,102.0
3,0.0,1.0,50,100,8,5.0,2.208098888397217,54.0
3,0.0,1.0,50,100,9,7.0,3.5015430450439453,106.0
3,0.0,1.0,50,150,0,5.0,1.506361484527588,54.0
3,0.0,1.0,50,150,1,5.0,1.7232885360717773,55.0
3,0.0,1.0,50,150,2,5.0,1.4997875690460205,54.0
3,0.0,1.0,50,150,3,3.0,0.9901473522186279,51.0
3,0.0,1.0,50,150,4,10.0,10.147961854934692,255.0
3,0.0,1.0,50,150,5,6.0,4.863035678863525,152.0
3,0.0,1.0,50,150,6,5.0,2.9326424598693848,102.0
3,0.0,1.0,50,150,7,6.0,4.187988758087158,103.0
3,0.0,1.0,50,150,8,5.0,6.350078344345093,102.0
3,0.0,1.0,50,150,9,7.0,7.770294189453125,157.0
3,0.0,1.0,100,50,0,6.0,1.8068468570709229,205.0
3,0.0,1.0,100,50,1,6.0,1.921823501586914,212.0
3,0.0,1.0,100,50,2,7.0,3.3639347553253174,306.0
3,0.0,1.0,100,50,3,5.0,2.8990237712860107,202.0
3,0.0,1.0,100,50,4,7.0,6.148156642913818,403.0
3,0.0,1.0,100,50,5,5.0,1.7408242225646973,207.0
3,0.0,1.0,100,50,6,6.0,2.052940845489502,208.0
3,0.0,1.0,100,50,7,8.0,4.462756872177124,409.0
3,0.0,1.0,100,50,8,8.0,4.660257339477539,506.0
3,0.0,1.0,100,50,9,4.0,0.7156212329864502,105.0
3,0.0,1.0,100,100,0,4.0,1.6338882446289062,102.0
3,0.0,1.0,100,100,1,7.0,4.596050262451172,206.0
3,0.0,1.0,100,100,2,4.0,1.613614797592163,108.0
3,0.0,1.0,100,100,3,11.0,34.576077938079834,809.0
3,0.0,1.0,100,100,4,6.0,6.882190942764282,205.0
3,0.0,1.0,100,100,5,7.0,10.451993942260742,403.0
3,0.0,1.0,100,100,6,4.0,0.10717177391052246,4.0
3,0.0,1.0,100,100,7,5.0,4.464694261550903,202.0
3,0.0,1.0,100,100,8,6.0,5.433892726898193,204.0
3,0.0,1.0,100,100,9,5.0,2.536189317703247,104.0
3,0.0,1.0,100,150,0,7.0,24.287927627563477,303.0
3,0.0,1.0,100,150,1,3.0,7.913935422897339,200.0
3,0.0,1.0,100,150,2,6.0,12.167667150497437,203.0
3,0.0,1.0,100,150,3,4.0,6.1633524894714355,201.0
3,0.0,1.0,100,150,4,6.0,10.997730731964111,302.0
3,0.0,1.0,100,150,5,9.0,78.24861240386963,602.0
3,0.0,1.0,100,150,6,6.0,9.930034875869751,203.0
3,0.0,1.0,100,150,7,6.0,6.855831146240234,203.0
3,0.0,1.0,100,150,8,4.0,3.0282628536224365,102.0
3,0.0,1.0,100,150,9,5.0,5.9698286056518555,203.0
3,0.0,0.5,50,50,0,7.0,1.6929924488067627,156.0
3,0.0,0.5,50,50,1,8.0,3.226080894470215,210.0
3,0.0,0.5,50,50,2,5.0,0.7200257778167725,61.0
3,0.0,0.5,50,50,3,3.0,0.026001691818237305,2.0
3,0.0,0.5,50,50,4,7.0,2.2470524311065674,155.0
3,0.0,0.5,50,50,5,7.0,2.0638012886047363,154.0
3,0.0,0.5,50,50,6,5.0,0.7297863960266113,62.0
3,0.0,0.5,50,50,7,6.0,2.4137773513793945,155.0
3,0.0,0.5,50,50,8,4.0,0.7920939922332764,53.0
3,0.0,0.5,50,50,9,6.0,1.4277293682098389,109.0
3,0.0,0.5,50,100,0,6.0,4.6353278160095215,104.0
3,0.0,0.5,50,100,1,6.0,6.989195108413696,105.0
3,0.0,0.5,50,100,2,7.0,11.419784784317017,251.0
3,0.0,0.5,50,100,3,5.0,2.1313092708587646,56.0
3,0.0,0.5,50,100,4,9.0,12.82144284248352,255.0
3,0.0,0.5,50,100,5,4.0,0.3133656978607178,10.0
3,0.0,0.5,50,100,6,7.0,2.716989517211914,105.0
3,0.0,0.5,50,100,7,4.0,0.12000060081481934,7.0
3,0.0,0.5,50,100,8,5.0,1.0840766429901123,54.0
3,0.0,0.5,50,100,9,6.0,2.3545610904693604,106.0
3,0.0,0.5,50,150,0,8.0,8.73848581314087,211.0
3,0.0,0.5,50,150,1,4.0,3.5460798740386963,52.0
3,0.0,0.5,50,150,2,6.0,15.09792160987854,104.0
3,0.0,0.5,50,150,3,5.0,5.4942567348480225,56.0
3,0.0,0.5,50,150,4,7.0,12.429697275161743,153.0
3,0.0,0.5,50,150,5,4.0,1.8482298851013184,52.0
3,0.0,0.5,50,150,6,6.0,2.3551247119903564,57.0
3,0.0,0.5,50,150,7,8.0,15.979916334152222,205.0
3,0.0,0.5,50,150,8,7.0,9.303450345993042,154.0
3,0.0,0.5,50,150,9,5.0,3.4121756553649902,53.0
3,0.0,0.5,100,50,0,7.0,10.902810335159302,405.0
3,0.0,0.5,100,50,1,8.0,14.255130529403687,512.0
3,0.0,0.5,100,50,2,3.0,0.2899808883666992,12.0
3,0.0,0.5,100,50,3,5.0,2.643993377685547,106.0
3,0.0,0.5,100,50,4,5.0,1.8793916702270508,106.0
3,0.0,0.5,100,50,5,7.0,5.570410490036011,307.0
3,0.0,0.5,100,50,6,5.0,1.795034646987915,104.0
3,0.0,0.5,100,50,7,6.0,2.396186113357544,207.0
3,0.0,0.5,100,50,8,4.0,0.7720010280609131,104.0
3,0.0,0.5,100,50,9,6.0,2.152050733566284,205.0
3,0.0,0.5,100,100,0,8.0,14.790513277053833,601.0
3,0.0,0.5,100,100,1,6.0,8.458397150039673,204.0
3,0.0,0.5,100,100,2,6.0,9.132723093032837,204.0
3,0.0,0.5,100,100,3,4.0,3.2583320140838623,103.0
3,0.0,0.5,100,100,4,7.0,14.653796672821045,402.0
3,0.0,0.5,100,100,5,8.0,15.31156325340271,602.0
3,0.0,0.5,100,100,6,8.0,14.87827467918396,502.0
3,0.0,0.5,100,100,7,4.0,0.16552519798278809,4.0
3,0.0,0.5,100,100,8,5.0,5.911289215087891,104.0
3,0.0,0.5,100,100,9,8.0,18.337588787078857,309.0
3,0.0,0.5,100,150,0,6.0,15.084165811538696,203.0
3,0.0,0.5,100,150,1,7.0,26.24350643157959,403.0
3,0.0,0.5,100,150,2,6.0,15.870028734207153,302.0
3,0.0,0.5,100,150,3,7.0,8.251848459243774,205.0
3,0.0,0.5,100,150,4,3.0,0.1721656322479248,8.0
3,0.0,0.5,100,150,5,5.0,8.300291061401367,202.0
3,0.0,0.5,100,150,6,6.0,8.569320678710938,203.0
3,0.0,0.5,100,150,7,6.0,13.679132461547852,204.0
3,0.0,0.5,100,150,8,6.0,15.25141716003418,204.0
3,0.0,0.5,100,150,9,4.0,0.1499929428100586,3.0
3,0.5,0.0,50,50,0,4.0,0.915996789932251,101.0
3,0.5,0.0,50,50,1,8.0,4.2431323528289795,255.0
3,0.5,0.0,50,50,2,6.0,1.191636562347412,112.0
3,0.5,0.0,50,50,3,5.0,0.7826492786407471,54.0
3,0.5,0.0,50,50,4,6.0,1.887049913406372,156.0
3,0.5,0.0,50,50,5,4.0,0.5260915756225586,64.0
3,0.5,0.0,50,50,6,5.0,1.0642693042755127,107.0
3,0.5,0.0,50,50,7,3.0,0.02276611328125,3.0
3,0.5,0.0,50,50,8,7.0,1.452388048171997,109.0
3,0.5,0.0,50,50,9,6.0,1.3430500030517578,120.0
3,0.5,0.0,50,100,0,6.0,2.8878798484802246,104.0
3,0.5,0.0,50,100,1,5.0,2.2398922443389893,102.0
3,0.5,0.0,50,100,2,3.0,1.1794943809509277,51.0
3,0.5,0.0,50,100,3,5.0,1.250993013381958,54.0
3,0.5,0.0,50,100,4,8.0,10.765016794204712,301.0
3,0.5,0.0,50,100,5,4.0,1.2440028190612793,52.0
3,0.5,0.0,50,100,6,6.0,2.886976480484009,108.0
3,0.5,0.0,50,100,7,5.0,1.5695164203643799,60.0
3,0.5,0.0,50,100,8,5.0,3.9188902378082275,58.0
3,0.5,0.0,50,100,9,8.0,30.637783765792847,253.0
3,0.5,0.0,50,150,0,6.0,18.57620143890381,103.0
3,0.5,0.0,50,150,1,5.0,12.645202159881592,107.0
3,0.5,0.0,50,150,2,4.0,5.095834255218506,52.0
3,0.5,0.0,50,150,3,7.0,19.63579297065735,202.0
3,0.5,0.0,50,150,4,5.0,5.574525356292725,54.0
3,0.5,0.0,50,150,5,5.0,3.2020232677459717,53.0
3,0.5,0.0,50,150,6,6.0,9.327297687530518,103.0
3,0.5,0.0,50,150,7,6.0,9.239444732666016,103.0
3,0.5,0.0,50,150,8,5.0,2.170454978942871,55.0
3,0.5,0.0,50,150,9,7.0,10.629680871963501,154.0
3,0.5,0.0,100,50,0,8.0,6.969694137573242,315.0
3,0.5,0.0,100,50,1,5.0,1.580291986465454,109.0
3,0.5,0.0,100,50,2,5.0,1.0235302448272705,110.0
3,0.5,0.0,100,50,3,7.0,4.658781051635742,406.0
3,0.5,0.0,100,50,4,5.0,1.7428998947143555,210.0
3,0.5,0.0,100,50,5,7.0,4.695646047592163,404.0
3,0.5,0.0,100,50,6,5.0,0.9554657936096191,107.0
3,0.5,0.0,100,50,7,6.0,2.076624870300293,207.0
3,0.5,0.0,100,50,8,5.0,1.1494731903076172,107.0
3,0.5,0.0,100,50,9,4.0,0.09303092956542969,8.0
3,0.5,0.0,100,100,0,5.0,4.032161712646484,202.0
3,0.5,0.0,100,100,1,6.0,6.900930643081665,204.0
3,0.5,0.0,100,100,2,6.0,13.556568622589111,305.0
3,0.5,0.0,100,100,3,7.0,22.984705448150635,303.0
3,0.5,0.0,100,100,4,7.0,15.104142904281616,303.0
3,0.5,0.0,100,100,5,5.0,6.9313740730285645,205.0
3,0.5,0.0,100,100,6,4.0,1.9200031757354736,105.0
3,0.5,0.0,100,100,7,4.0,0.07299447059631348,4.0
3,0.5,0.0,100,100,8,7.0,6.992628335952759,303.0
3,0.5,0.0,100,100,9,7.0,5.407092332839966,206.0
3,0.5,0.0,100,150,0,6.0,12.0727858543396,204.0
3,0.5,0.0,100,150,1,7.0,19.263413190841675,303.0
3,0.5,0.0,100,150,2,5.0,6.998163938522339,202.0
3,0.5,0.0,100,150,3,6.0,9.279342889785767,303.0
3,0.5,0.0,100,150,4,7.0,16.30520272254944,402.0
3,0.5,0.0,100,150,5,7.0,27.159985065460205,303.0
3,0.5,0.0,100,150,6,7.0,13.728474855422974,207.0
3,0.5,0.0,100,150,7,5.0,3.2395310401916504,104.0
3,0.5,0.0,100,150,8,6.0,9.351118326187134,302.0
3,0.5,0.0,100,150,9,5.0,3.2205333709716797,103.0
3,1.0,0.0,50,50,0,7.0,1.7007439136505127,138.0
3,1.0,0.0,50,50,1,6.0,2.169984817504883,110.0
3,1.0,0.0,50,50,2,7.0,3.429635524749756,160.0
3,1.0,0.0,50,50,3,5.0,1.0866587162017822,56.0
3,1.0,0.0,50,50,4,5.0,1.2185442447662354,72.0
3,1.0,0.0,50,50,5,7.0,3.552222967147827,155.0
3,1.0,0.0,50,50,6,7.0,2.6859405040740967,114.0
3,1.0,0.0,50,50,7,8.0,4.883407831192017,206.0
3,1.0,0.0,50,50,8,9.0,5.247653484344482,257.0
3,1.0,0.0,50,50,9,6.0,1.815011739730835,106.0
3,1.0,0.0,50,100,0,6.0,3.896362543106079,103.0
3,1.0,0.0,50,100,1,7.0,4.711124897003174,153.0
3,1.0,0.0,50,100,2,9.0,8.209629535675049,352.0
3,1.0,0.0,50,100,3,4.0,0.9019999504089355,53.0
3,1.0,0.0,50,100,4,5.0,1.0734162330627441,53.0
3,1.0,0.0,50,100,5,7.0,3.0110268592834473,106.0
3,1.0,0.0,50,100,6,8.0,5.15008807182312,203.0
3,1.0,0.0,50,100,7,8.0,7.060993909835815,301.0
3,1.0,0.0,50,100,8,5.0,2.089442253112793,53.0
3,1.0,0.0,50,100,9,7.0,7.231462478637695,158.0
3,1.0,0.0,50,150,0,7.0,10.620091199874878,153.0
3,1.0,0.0,50,150,1,3.0,1.6775598526000977,51.0
3,1.0,0.0,50,150,2,7.0,8.999342203140259,153.0
3,1.0,0.0,50,150,3,6.0,4.316447496414185,105.0
3,1.0,0.0,50,150,4,5.0,2.874685525894165,102.0
3,1.0,0.0,50,150,5,6.0,3.4760079383850098,105.0
3,1.0,0.0,50,150,6,8.0,7.756136894226074,203.0
3,1.0,0.0,50,150,7,5.0,1.7221200466156006,54.0
3,1.0,0.0,50,150,8,5.0,1.7359988689422607,55.0
3,1.0,0.0,50,150,9,7.0,5.649262189865112,154.0
3,1.0,0.0,100,50,0,9.0,12.164000034332275,505.0
3,1.0,0.0,100,50,1,7.0,6.8434038162231445,404.0
3,1.0,0.0,100,50,2,4.0,0.033952951431274414,3.0
3,1.0,0.0,100,50,3,6.0,2.173515796661377,207.0
3,1.0,0.0,100,50,4,7.0,3.274061918258667,305.0
3,1.0,0.0,100,50,5,7.0,2.4171082973480225,216.0
3,1.0,0.0,100,50,6,4.0,0.8035802841186523,106.0
3,1.0,0.0,100,50,7,7.0,4.182801961898804,403.0
3,1.0,0.0,100,50,8,5.0,1.811004638671875,206.0
3,1.0,0.0,100,50,9,6.0,2.0619359016418457,205.0
3,1.0,0.0,100,100,0,10.0,21.07363247871399,801.0
3,1.0,0.0,100,100,1,7.0,16.118053436279297,303.0
3,1.0,0.0,100,100,2,8.0,31.10510778427124,404.0
3,1.0,0.0,100,100,3,4.0,3.200765609741211,105.0
3,1.0,0.0,100,100,4,6.0,6.42021918296814,203.0
3,1.0,0.0,100,100,5,4.0,2.2760555744171143,102.0
3,1.0,0.0,100,100,6,4.0,2.4370152950286865,104.0
3,1.0,0.0,100,100,7,5.0,2.9462435245513916,104.0
3,1.0,0.0,100,100,8,5.0,7.281564474105835,104.0
3,1.0,0.0,100,100,9,4.0,6.060553312301636,102.0
3,1.0,0.0,100,150,0,4.0,5.653979778289795,102.0
3,1.0,0.0,100,150,1,6.0,8.65132188796997,204.0
3,1.0,0.0,100,150,2,5.0,6.022711992263794,202.0
3,1.0,0.0,100,150,3,6.0,9.771941900253296,303.0
3,1.0,0.0,100,150,4,6.0,8.19821286201477,203.0
3,1.0,0.0,100,150,5,5.0,6.235363006591797,106.0
3,1.0,0.0,100,150,6,3.0,0.27756261825561523,9.0
3,1.0,0.0,100,150,7,8.0,31.395140409469604,403.0
3,1.0,0.0,100,150,8,3.0,3.319838285446167,101.0
3,1.0,0.0,100,150,9,6.0,7.8111701011657715,203.0
4,0.0,1.0,50,50,0,7.0,2.137451171875,175.0
4,0.0,1.0,50,50,1,6.0,1.972217321395874,166.0
4,0.0,1.0,50,50,2,6.0,1.7982640266418457,155.0
4,0.0,1.0,50,50,3,6.0,1.2270026206970215,77.0
4,0.0,1.0,50,50,4,5.0,1.4025063514709473,110.0
4,0.0,1.0,50,50,5,7.0,2.9689981937408447,205.0
4,0.0,1.0,50,50,6,4.0,0.6810519695281982,66.0
4,0.0,1.0,50,50,7,6.0,1.5929977893829346,121.0
4,0.0,1.0,50,50,8,7.0,3.839756727218628,199.0
4,0.0,1.0,50,50,9,5.0,0.2530398368835449,20.0
4,0.0,1.0,50,100,0,6.0,5.274640083312988,105.0
4,0.0,1.0,50,100,1,7.0,7.678013801574707,110.0
4,0.0,1.0,50,100,2,4.0,4.2070839405059814,104.0
4,0.0,1.0,50,100,3,6.0,3.7606406211853027,70.0
4,0.0,1.0,50,100,4,7.0,5.846999645233154,110.0
4,0.0,1.0,50,100,5,6.0,4.420440912246704,107.0
4,0.0,1.0,50,100,6,8.0,7.666014671325684,177.0
4,0.0,1.0,50,100,7,5.0,1.3556292057037354,55.0
4,0.0,1.0,50,100,8,6.0,3.7822072505950928,154.0
4,0.0,1.0,50,100,9,6.0,3.3037872314453125,111.0
4,0.0,1.0,50,150,0,6.0,4.0160651206970215,104.0
4,0.0,1.0,50,150,1,7.0,4.92152214050293,111.0
4,0.0,1.0,50,150,2,8.0,10.768505573272705,159.0
4,0.0,1.0,50,150,3,8.0,18.7239191532135,210.0
4,0.0,1.0,50,150,4,5.0,3.557692050933838,57.0
4,0.0,1.0,50,150,5,5.0,3.2057957649230957,54.0
4,0.0,1.0,50,150,6,5.0,3.32474422454834,55.0
4,0.0,1.0,50,150,7,6.0,5.554900407791138,105.0
4,0.0,1.0,50,150,8,9.0,10.598486423492432,214.0
4,0.0,1.0,50,150,9,8.0,13.211315155029297,254.0
4,0.0,1.0,100,50,0,5.0,3.1842002868652344,144.0
4,0.0,1.0,100,50,1,6.0,5.2935638427734375,211.0
4,0.0,1.0,100,50,2,6.0,3.4529943466186523,140.0
4,0.0,1.0,100,50,3,5.0,4.059503555297852,206.0
4,0.0,1.0,100,50,4,4.0,1.5310189723968506,104.0
4,0.0,1.0,100,50,5,6.0,4.178637742996216,213.0
4,0.0,1.0,100,50,6,7.0,8.34203815460205,432.0
4,0.0,1.0,100,50,7,6.0,1.7232258319854736,133.0
4,0.0,1.0,100,50,8,6.0,2.5529770851135254,225.0
4,0.0,1.0,100,50,9,4.0,0.17900538444519043,20.0
4,0.0,1.0,100,100,0,5.0,2.95841383934021,119.0
4,0.0,1.0,100,100,1,6.0,2.9321043491363525,106.0
4,0.0,1.0,100,100,2,7.0,6.433173179626465,208.0
4,0.0,1.0,100,100,3,8.0,9.966330289840698,309.0
4,0.0,1.0,100,100,4,6.0,11.052251815795898,211.0
4,0.0,1.0,100,100,5,5.0,6.09812331199646,112.0
4,0.0,1.0,100,100,6,6.0,11.485110521316528,207.0
4,0.0,1.0,100,100,7,7.0,9.098032712936401,208.0
4,0.0,1.0,100,100,8,6.0,5.177433252334595,205.0
4,0.0,1.0,100,100,9,6.0,3.006194591522217,113.0
4,0.0,1.0,100,150,0,7.0,13.01298213005066,304.0
4,0.0,1.0,100,150,1,6.0,9.488099813461304,113.0
4,0.0,1.0,100,150,2,5.0,9.515849590301514,107.0
4,0.0,1.0,100,150,3,3.0,0.18500256538391113,4.0
4,0.0,1.0,100,150,4,5.0,7.874135494232178,118.0
4,0.0,1.0,100,150,5,8.0,18.87613868713379,309.0
4,0.0,1.0,100,150,6,6.0,8.76534128189087,210.0
4,0.0,1.0,100,150,7,7.0,20.9936420917511,307.0
4,0.0,1.0,100,150,8,7.0,9.98608112335205,211.0
4,0.0,1.0,100,150,9,6.0,11.880375862121582,302.0
4,0.0,0.5,50,50,0,5.0,0.9139668941497803,96.0
4,0.0,0.5,50,50,1,7.0,2.5886549949645996,213.0
4,0.0,0.5,50,50,2,7.0,2.8370676040649414,214.0
4,0.0,0.5,50,50,3,7.0,2.395397901535034,180.0
4,0.0,0.5,50,50,4,7.0,6.8189496994018555,461.0
4,0.0,0.5,50,50,5,7.0,1.6037192344665527,128.0
4,0.0,0.5,50,50,6,7.0,5.0239949226379395,358.0
4,0.0,0.5,50,50,7,6.0,3.465008497238159,184.0
4,0.0,0.5,50,50,8,10.0,10.559870958328247,336.0
4,0.0,0.5,50,50,9,3.0,0.06999802589416504,6.0
4,0.0,0.5,50,100,0,6.0,3.725048303604126,107.0
4,0.0,0.5,50,100,1,6.0,2.2186279296875,91.0
4,0.0,0.5,50,100,2,6.0,2.5637927055358887,109.0
4,0.0,0.5,50,100,3,7.0,3.9546334743499756,156.0
4,0.0,0.5,50,100,4,7.0,3.174050807952881,118.0
4,0.0,0.5,50,100,5,7.0,3.9951765537261963,157.0
4,0.0,0.5,50,100,6,6.0,2.5141265392303467,105.0
4,0.0,0.5,50,100,7,6.0,3.5669515132904053,155.0
4,0.0,0.5,50,100,8,6.0,1.9695661067962646,78.0
4,0.0,0.5,50,100,9,5.0,0.3380560874938965,16.0
4,0.0,0.5,50,150,0,7.0,6.538197755813599,157.0
4,0.0,0.5,50,150,1,6.0,3.9591591358184814,105.0
4,0.0,0.5,50,150,2,7.0,6.32914137840271,159.0
4,0.0,0.5,50,150,3,5.0,2.194841146469116,57.0
4,0.0,0.5,50,150,4,6.0,10.330658197402954,153.0
4,0.0,0.5,50,150,5,5.0,6.684251308441162,103.0
4,0.0,0.5,50,150,6,6.0,6.736892223358154,106.0
4,0.0,0.5,50,150,7,7.0,11.158174753189087,203.0
4,0.0,0.5,50,150,8,5.0,0.42104291915893555,13.0
4,0.0,0.5,50,150,9,6.0,3.7874526977539062,104.0
4,0.0,0.5,100,50,0,6.0,3.5771806240081787,326.0
4,0.0,0.5,100,50,1,5.0,2.0722038745880127,212.0
4,0.0,0.5,100,50,2,8.0,6.5921666622161865,418.0
4,0.0,0.5,100,50,3,4.0,1.2360663414001465,116.0
4,0.0,0.5,100,50,4,8.0,5.742519378662109,348.0
4,0.0,0.5,100,50,5,5.0,3.207180976867676,204.0
4,0.0,0.5,100,50,6,9.0,17.422894716262817,526.0
4,0.0,0.5,100,50,7,5.0,2.170032024383545,127.0
4,0.0,0.5,100,50,8,6.0,3.8751089572906494,230.0
4,0.0,0.5,100,50,9,3.0,0.04699540138244629,6.0
4,0.0,0.5,100,100,0,5.0,5.112858533859253,204.0
4,0.0,0.5,100,100,1,7.0,4.030020713806152,117.0
4,0.0,0.5,100,100,2,8.0,10.750218629837036,317.0
4,0.0,0.5,100,100,3,6.0,5.3567891120910645,206.0
4,0.0,0.5,100,100,4,7.0,5.955576181411743,212.0
4,0.0,0.5,100,100,5,6.0,2.7291293144226074,114.0
4,0.0,0.5,100,100,6,8.0,26.831684112548828,308.0
4,0.0,0.5,100,100,7,5.0,3.9220619201660156,105.0
4,0.0,0.5,100,100,8,6.0,5.770851135253906,207.0
4,0.0,0.5,100,100,9,8.0,15.313801050186157,407.0
4,0.0,0.5,100,150,0,5.0,9.214258670806885,202.0
4,0.0,0.5,100,150,1,7.0,17.653457403182983,209.0
4,0.0,0.5,100,150,2,6.0,7.714918375015259,206.0
4,0.0,0.5,100,150,3,6.0,8.001078844070435,211.0
4,0.0,0.5,100,150,4,5.0,5.057021141052246,204.0
4,0.0,0.5,100,150,5,4.0,2.3060035705566406,103.0
4,0.0,0.5,100,150,6,7.0,6.794189214706421,206.0
4,0.0,0.5,100,150,7,8.0,15.129870653152466,405.0
4,0.0,0.5,100,150,8,5.0,0.7399985790252686,11.0
4,0.0,0.5,100,150,9,5.0,0.6470003128051758,10.0
4,0.5,0.0,50,50,0,5.0,1.9087600708007812,99.0
4,0.5,0.0,50,50,1,5.0,0.46099400520324707,26.0
4,0.5,0.0,50,50,2,7.0,3.8569986820220947,204.0
4,0.5,0.0,50,50,3,6.0,2.0930016040802,114.0
4,0.5,0.0,50,50,4,7.0,3.4571752548217773,130.0
4,0.5,0.0,50,50,5,8.0,8.50293254852295,278.0
4,0.5,0.0,50,50,6,7.0,4.330977439880371,157.0
4,0.5,0.0,50,50,7,6.0,3.190612554550171,155.0
4,0.5,0.0,50,50,8,7.0,2.932058572769165,164.0
4,0.5,0.0,50,50,9,5.0,0.948981523513794,66.0
4,0.5,0.0,50,100,0,6.0,2.45513653755188,107.0
4,0.5,0.0,50,100,1,5.0,2.321812152862549,105.0
4,0.5,0.0,50,100,2,7.0,5.3465025424957275,156.0
4,0.5,0.0,50,100,3,4.0,1.0920910835266113,53.0
4,0.5,0.0,50,100,4,5.0,2.686617851257324,104.0
4,0.5,0.0,50,100,5,7.0,5.907181024551392,125.0
4,0.5,0.0,50,100,6,7.0,10.269556999206543,162.0
4,0.5,0.0,50,100,7,6.0,6.54808235168457,106.0
4,0.5,0.0,50,100,8,5.0,2.7419955730438232,65.0
4,0.5,0.0,50,100,9,6.0,3.2431440353393555,59.0
4,0.5,0.0,50,150,0,6.0,4.528792142868042,67.0
4,0.5,0.0,50,150,1,7.0,6.5710670948028564,113.0
4,0.5,0.0,50,150,2,5.0,1.8799679279327393,57.0
4,0.5,0.0,50,150,3,6.0,2.1510519981384277,57.0
4,0.5,0.0,50,150,4,5.0,2.2812047004699707,65.0
4,0.5,0.0,50,150,5,6.0,5.651035308837891,154.0
4,0.5,0.0,50,150,6,6.0,3.3542444705963135,106.0
4,0.5,0.0,50,150,7,6.0,3.4466440677642822,105.0
4,0.5,0.0,50,150,8,6.0,3.858717918395996,104.0
4,0.5,0.0,50,150,9,7.0,4.279508829116821,108.0
4,0.5,0.0,100,50,0,5.0,1.8041069507598877,211.0
4,0.5,0.0,100,50,1,7.0,6.01774263381958,310.0
4,0.5,0.0,100,50,2,7.0,6.719854354858398,318.0
4,0.5,0.0,100,50,3,6.0,3.641645908355713,217.0
4,0.5,0.0,100,50,4,6.0,4.315466403961182,323.0
4,0.5,0.0,100,50,5,4.0,0.2480170726776123,30.0
4,0.5,0.0,100,50,6,6.0,2.3250021934509277,209.0
4,0.5,0.0,100,50,7,6.0,2.430000066757202,218.0
4,0.5,0.0,100,50,8,8.0,5.209913015365601,464.0
4,0.5,0.0,100,50,9,6.0,1.4001386165618896,131.0
4,0.5,0.0,100,100,0,5.0,2.106019973754883,105.0
4,0.5,0.0,100,100,1,6.0,4.873022079467773,230.0
4,0.5,0.0,100,100,2,4.0,1.9861395359039307,102.0
4,0.5,0.0,100,100,3,6.0,6.157783031463623,307.0
4,0.5,0.0,100,100,4,7.0,7.189765930175781,305.0
4,0.5,0.0,100,100,5,5.0,3.975489377975464,203.0
4,0.5,0.0,100,100,6,6.0,3.802959680557251,123.0
4,0.5,0.0,100,100,7,7.0,18.8325834274292,404.0
4,0.5,0.0,100,100,8,5.0,6.242687940597534,203.0
4,0.5,0.0,100,100,9,7.0,7.891974687576294,208.0
4,0.5,0.0,100,150,0,8.0,12.595902919769287,311.0
4,0.5,0.0,100,150,1,6.0,6.689677476882935,208.0
4,0.5,0.0,100,150,2,5.0,4.662608861923218,109.0
4,0.5,0.0,100,150,3,6.0,13.518866539001465,203.0
4,0.5,0.0,100,150,4,5.0,10.798842191696167,203.0
4,0.5,0.0,100,150,5,4.0,4.612854480743408,105.0
4,0.5,0.0,100,150,6,5.0,5.235327243804932,106.0
4,0.5,0.0,100,150,7,6.0,4.049035310745239,115.0
4,0.5,0.0,100,150,8,6.0,6.936259031295776,209.0
4,0.5,0.0,100,150,9,4.0,2.652074098587036,105.0
4,1.0,0.0,50,50,0,5.0,2.8870527744293213,322.0
4,1.0,0.0,50,50,1,8.0,2.418663263320923,199.0
4,1.0,0.0,50,50,2,6.0,1.8620119094848633,126.0
4,1.0,0.0,50,50,3,6.0,0.8369991779327393,76.0
4,1.0,0.0,50,50,4,6.0,1.3350071907043457,109.0
4,1.0,0.0,50,50,5,5.0,1.758875846862793,108.0
4,1.0,0.0,50,50,6,5.0,1.0094976425170898,103.0
4,1.0,0.0,50,50,7,6.0,3.8096861839294434,204.0
4,1.0,0.0,50,50,8,6.0,3.661031484603882,121.0
4,1.0,0.0,50,50,9,6.0,3.7699711322784424,155.0
4,1.0,0.0,50,100,0,6.0,2.8965766429901123,58.0
4,1.0,0.0,50,100,1,7.0,11.480667114257812,157.0
4,1.0,0.0,50,100,2,7.0,8.818947315216064,156.0
4,1.0,0.0,50,100,3,5.0,4.600763320922852,107.0
4,1.0,0.0,50,100,4,6.0,2.71315860748291,65.0
4,1.0,0.0,50,100,5,4.0,0.15403461456298828,6.0
4,1.0,0.0,50,100,6,6.0,5.599277973175049,107.0
4,1.0,0.0,50,100,7,6.0,4.950530529022217,119.0
4,1.0,0.0,50,100,8,7.0,8.193987369537354,156.0
4,1.0,0.0,50,100,9,5.0,3.2164382934570312,56.0
4,1.0,0.0,50,150,0,4.0,4.915499210357666,101.0
4,1.0,0.0,50,150,1,6.0,9.827993631362915,108.0
4,1.0,0.0,50,150,2,8.0,23.86428427696228,212.0
4,1.0,0.0,50,150,3,7.0,10.214627027511597,156.0
4,1.0,0.0,50,150,4,6.0,6.41317343711853,62.0
4,1.0,0.0,50,150,5,6.0,10.517607688903809,67.0
4,1.0,0.0,50,150,6,6.0,10.49268913269043,107.0
4,1.0,0.0,50,150,7,6.0,10.56331181526184,103.0
4,1.0,0.0,50,150,8,4.0,0.5410013198852539,9.0
4,1.0,0.0,50,150,9,7.0,7.96820330619812,106.0
4,1.0,0.0,100,50,0,5.0,0.9510378837585449,78.0
4,1.0,0.0,100,50,1,4.0,0.8515501022338867,49.0
4,1.0,0.0,100,50,2,7.0,5.676762104034424,235.0
4,1.0,0.0,100,50,3,6.0,8.350364923477173,336.0
4,1.0,0.0,100,50,4,5.0,4.322289705276489,140.0
4,1.0,0.0,100,50,5,4.0,0.17899537086486816,14.0
4,1.0,0.0,100,50,6,5.0,2.434614658355713,207.0
4,1.0,0.0,100,50,7,7.0,16.287811279296875,310.0
4,1.0,0.0,100,50,8,6.0,9.304076433181763,216.0
4,1.0,0.0,100,50,9,5.0,3.265962600708008,113.0
4,1.0,0.0,100,100,0,5.0,5.546539783477783,106.0
4,1.0,0.0,100,100,1,7.0,16.22531294822693,308.0
4,1.0,0.0,100,100,2,6.0,6.339261770248413,128.0
4,1.0,0.0,100,100,3,5.0,2.5963525772094727,115.0
4,1.0,0.0,100,100,4,6.0,7.59918737411499,110.0
4,1.0,0.0,100,100,5,7.0,25.981321096420288,306.0
4,1.0,0.0,100,100,6,7.0,11.907164573669434,211.0
4,1.0,0.0,100,100,7,4.0,4.260436058044434,103.0
4,1.0,0.0,100,100,8,5.0,2.345151424407959,106.0
4,1.0,0.0,100,100,9,8.0,24.34553098678589,405.0
4,1.0,0.0,100,150,0,6.0,8.403768301010132,108.0
4,1.0,0.0,100,150,1,7.0,19.199914932250977,306.0
4,1.0,0.0,100,150,2,5.0,3.8503448963165283,105.0
4,1.0,0.0,100,150,3,7.0,14.239384651184082,305.0
4,1.0,0.0,100,150,4,7.0,19.007503271102905,213.0
4,1.0,0.0,100,150,5,5.0,3.8808741569519043,104.0
4,1.0,0.0,100,150,6,6.0,5.304873704910278,107.0
4,1.0,0.0,100,150,7,5.0,5.31026816368103,103.0
4,1.0,0.0,100,150,8,7.0,14.955358505249023,303.0
4,1.0,0.0,100,150,9,5.0,6.711054801940918,202.0
5,0.0,1.0,50,50,0,6.0,18.791646480560303,686.0
5,0.0,1.0,50,50,1,5.0,2.2502267360687256,90.0
5,0.0,1.0,50,50,2,7.0,9.752167463302612,272.0
5,0.0,1.0,50,50,3,7.0,18.319493770599365,776.0
5,0.0,1.0,50,50,4,6.0,6.650707960128784,404.0
5,0.0,1.0,50,50,5,7.0,5.571680545806885,331.0
5,0.0,1.0,50,50,6,5.0,1.0918657779693604,105.0
5,0.0,1.0,50,50,7,6.0,17.53668212890625,604.0
5,0.0,1.0,50,50,8,7.0,26.106324434280396,1206.0
5,0.0,1.0,50,50,9,7.0,38.41736197471619,1510.0
5,0.0,1.0,50,100,0,7.0,20.15490198135376,587.0
5,0.0,1.0,50,100,1,5.0,2.6927030086517334,104.0
5,0.0,1.0,50,100,2,9.0,7.536956548690796,230.0
5,0.0,1.0,50,100,3,7.0,7.104243516921997,234.0
5,0.0,1.0,50,100,4,6.0,10.724403619766235,112.0
5,0.0,1.0,50,100,5,6.0,11.837073564529419,208.0
5,0.0,1.0,50,100,6,5.0,4.931627511978149,70.0
5,0.0,1.0,50,100,7,6.0,17.216636180877686,285.0
5,0.0,1.0,50,100,8,7.0,22.58383560180664,319.0
5,0.0,1.0,50,100,9,8.0,31.01684880256653,180.0
5,0.0,1.0,50,150,0,7.0,21.712536334991455,121.0
5,0.0,1.0,50,150,1,5.0,23.402546167373657,153.0
5,0.0,1.0,50,150,2,5.0,2.565531015396118,20.0
5,0.0,1.0,50,150,3,7.0,23.410946369171143,259.0
5,0.0,1.0,50,150,4,5.0,2.971130132675171,72.0
5,0.0,1.0,50,150,5,7.0,6.320973634719849,137.0
5,0.0,1.0,50,150,6,7.0,14.512979984283447,175.0
5,0.0,1.0,50,150,7,6.0,14.426124334335327,181.0
5,0.0,1.0,50,150,8,5.0,6.860542058944702,116.0
5,0.0,1.0,50,150,9,7.0,5.875311613082886,129.0
5,0.0,1.0,100,50,0,7.0,7.223409414291382,518.0
5,0.0,1.0,100,50,1,8.0,13.136829614639282,823.0
5,0.0,1.0,100,50,2,6.0,5.568169355392456,228.0
5,0.0,1.0,100,50,3,7.0,28.566860675811768,1217.0
5,0.0,1.0,100,50,4,5.0,1.7260313034057617,168.0
5,0.0,1.0,100,50,5,8.0,102.14830899238586,3650.0
5,0.0,1.0,100,50,6,7.0,22.50596261024475,743.0
5,0.0,1.0,100,50,7,8.0,60.322449684143066,1989.0
5,0.0,1.0,100,50,8,7.0,4.3940417766571045,251.0
5,0.0,1.0,100,50,9,6.0,6.576244354248047,425.0
5,0.0,1.0,100,100,0,6.0,11.159518957138062,270.0
5,0.0,1.0,100,100,1,8.0,30.718694925308228,327.0
5,0.0,1.0,100,100,2,5.0,7.6909308433532715,112.0
5,0.0,1.0,100,100,3,7.0,49.51567220687866,680.0
5,0.0,1.0,100,100,4,8.0,15.763369798660278,341.0
5,0.0,1.0,100,100,5,6.0,5.604772567749023,177.0
5,0.0,1.0,100,100,6,8.0,27.979291677474976,430.0
5,0.0,1.0,100,100,7,7.0,13.930378437042236,221.0
5,0.0,1.0,100,100,8,6.0,13.361556768417358,313.0
5,0.0,1.0,100,100,9,6.0,6.878404378890991,216.0
5,0.0,1.0,100,150,0,7.0,16.374908924102783,208.0
5,0.0,1.0,100,150,1,6.0,15.898548603057861,223.0
5,0.0,1.0,100,150,2,8.0,14.756380081176758,230.0
5,0.0,1.0,100,150,3,7.0,11.561806440353394,206.0
5,0.0,1.0,100,150,4,7.0,21.997601985931396,216.0
5,0.0,1.0,100,150,5,6.0,18.892637491226196,205.0
5,0.0,1.0,100,150,6,6.0,10.223931550979614,208.0
5,0.0,1.0,100,150,7,6.0,5.178835391998291,129.0
5,0.0,1.0,100,150,8,4.0,4.644799709320068,112.0
5,0.0,1.0,100,150,9,5.0,9.001883029937744,176.0
5,0.0,0.5,50,50,0,7.0,29.254995346069336,1098.0
5,0.0,0.5,50,50,1,5.0,1.0225656032562256,86.0
5,0.0,0.5,50,50,2,5.0,4.294445991516113,404.0
5,0.0,0.5,50,50,3,7.0,9.140156984329224,680.0
5,0.0,0.5,50,50,4,7.0,1.6719114780426025,147.0
5,0.0,0.5,50,50,5,4.0,0.4632582664489746,62.0
5,0.0,0.5,50,50,6,7.0,7.681229591369629,623.0
5,0.0,0.5,50,50,7,6.0,1.6070985794067383,117.0
5,0.0,0.5,50,50,8,7.0,15.745552778244019,718.0
5,0.0,0.5,50,50,9,7.0,67.33331155776978,3366.0
5,0.0,0.5,50,100,0,7.0,13.967866659164429,427.0
5,0.0,0.5,50,100,1,8.0,9.607165575027466,311.0
5,0.0,0.5,50,100,2,6.0,6.413798570632935,265.0
5,0.0,0.5,50,100,3,6.0,4.8863654136657715,166.0
5,0.0,0.5,50,100,4,7.0,7.634298324584961,109.0
5,0.0,0.5,50,100,5,8.0,12.260061502456665,241.0
5,0.0,0.5,50,100,6,6.0,5.766713857650757,204.0
5,0.0,0.5,50,100,7,7.0,9.05283784866333,315.0
5,0.0,0.5,50,100,8,6.0,2.0720505714416504,90.0
5,0.0,0.5,50,100,9,6.0,3.8629236221313477,176.0
5,0.0,0.5,50,150,0,6.0,5.899038076400757,164.0
5,0.0,0.5,50,150,1,7.0,3.298056125640869,82.0
5,0.0,0.5,50,150,2,6.0,2.3393733501434326,61.0
5,0.0,0.5,50,150,3,7.0,5.272310495376587,126.0
5,0.0,0.5,50,150,4,6.0,3.9510104656219482,109.0
5,0.0,0.5,50,150,5,6.0,3.000756025314331,75.0
5,0.0,0.5,50,150,6,6.0,2.858003616333008,71.0
5,0.0,0.5,50,150,7,7.0,17.66256833076477,168.0
5,0.0,0.5,50,150,8,7.0,9.56428074836731,162.0
5,0.0,0.5,50,150,9,5.0,1.875000238418579,60.0
5,0.0,0.5,100,50,0,7.0,12.020585060119629,966.0
5,0.0,0.5,100,50,1,5.0,1.0470192432403564,114.0
5,0.0,0.5,100,50,2,6.0,1.7060446739196777,156.0
5,0.0,0.5,100,50,3,6.0,3.261995553970337,323.0
5,0.0,0.5,100,50,4,7.0,18.190104722976685,1436.0
5,0.0,0.5,100,50,5,6.0,9.749475955963135,919.0
5,0.0,0.5,100,50,6,6.0,2.9210009574890137,282.0
5,0.0,0.5,100,50,7,6.0,0.7269959449768066,79.0
5,0.0,0.5,100,50,8,7.0,2.941035747528076,276.0
5,0.0,0.5,100,50,9,6.0,2.798251152038574,276.0
5,0.0,0.5,100,100,0,7.0,7.2230000495910645,323.0
5,0.0,0.5,100,100,1,8.0,11.378426313400269,429.0
5,0.0,0.5,100,100,2,7.0,11.63585638999939,484.0
5,0.0,0.5,100,100,3,7.0,14.266289472579956,348.0
5,0.0,0.5,100,100,4,7.0,6.110841512680054,225.0
5,0.0,0.5,100,100,5,6.0,4.260037183761597,208.0
5,0.0,0.5,100,100,6,7.0,5.4410600662231445,232.0
5,0.0,0.5,100,100,7,7.0,5.103034019470215,213.0
5,0.0,0.5,100,100,8,5.0,2.153961181640625,112.0
5,0.0,0.5,100,100,9,6.0,6.703338146209717,322.0
5,0.0,0.5,100,150,0,5.0,1.9229962825775146,67.0
5,0.0,0.5,100,150,1,5.0,3.119692802429199,109.0
5,0.0,0.5,100,150,2,6.0,4.422374248504639,134.0
5,0.0,0.5,100,150,3,6.0,4.844841003417969,131.0
5,0.0,0.5,100,150,4,7.0,7.314182281494141,122.0
5,0.0,0.5,100,150,5,7.0,9.424482345581055,138.0
5,0.0,0.5,100,150,6,6.0,4.927032947540283,117.0
5,0.0,0.5,100,150,7,6.0,6.756994962692261,217.0
5,0.0,0.5,100,150,8,7.0,8.169086456298828,227.0
5,0.0,0.5,100,150,9,7.0,7.703289747238159,214.0
5,0.5,0.0,50,50,0,7.0,6.440508604049683,564.0
5,0.5,0.0,50,50,1,7.0,10.084375143051147,914.0
5,0.5,0.0,50,50,2,6.0,9.020445585250854,575.0
5,0.5,0.0,50,50,3,6.0,14.457048177719116,799.0
5,0.5,0.0,50,50,4,9.0,19.46204972267151,1363.0
5,0.5,0.0,50,50,5,5.0,0.6970357894897461,91.0
5,0.5,0.0,50,50,6,7.0,17.49113702774048,1290.0
5,0.5,0.0,50,50,7,8.0,17.847158193588257,709.0
5,0.5,0.0,50,50,8,6.0,0.8519954681396484,74.0
5,0.5,0.0,50,50,9,8.0,8.085963249206543,721.0
5,0.5,0.0,50,100,0,6.0,1.6754655838012695,80.0
5,0.5,0.0,50,100,1,6.0,1.7149856090545654,85.0
5,0.5,0.0,50,100,2,6.0,4.814431667327881,244.0
5,0.5,0.0,50,100,3,7.0,3.4090731143951416,163.0
5,0.5,0.0,50,100,4,7.0,2.8825409412384033,133.0
5,0.5,0.0,50,100,5,7.0,3.093035936355591,141.0
5,0.5,0.0,50,100,6,5.0,1.8319981098175049,115.0
5,0.5,0.0,50,100,7,8.0,9.736513614654541,387.0
5,0.5,0.0,50,100,8,6.0,2.2927956581115723,109.0
5,0.5,0.0,50,100,9,7.0,4.106878042221069,171.0
5,0.5,0.0,50,150,0,5.0,0.9400002956390381,17.0
5,0.5,0.0,50,150,1,8.0,11.624004125595093,176.0
5,0.5,0.0,50,150,2,7.0,5.244028806686401,155.0
5,0.5,0.0,50,150,3,6.0,2.2590396404266357,74.0
5,0.5,0.0,50,150,4,6.0,2.596001386642456,86.0
5,0.5,0.0,50,150,5,6.0,2.132965326309204,70.0
5,0.5,0.0,50,150,6,7.0,5.653531789779663,158.0
5,0.5,0.0,50,150,7,7.0,5.072428226470947,157.0
5,0.5,0.0,50,150,8,7.0,3.848965883255005,112.0
5,0.5,0.0,50,150,9,8.0,7.031944990158081,134.0
5,0.5,0.0,100,50,0,7.0,14.777384519577026,882.0
5,0.5,0.0,100,50,1,6.0,9.503811120986938,427.0
5,0.5,0.0,100,50,2,6.0,3.158000946044922,197.0
5,0.5,0.0,100,50,3,6.0,11.05109977722168,1072.0
5,0.5,0.0,100,50,4,6.0,52.81617188453674,4293.0
5,0.5,0.0,100,50,5,6.0,6.186001539230347,387.0
5,0.5,0.0,100,50,6,7.0,10.67044472694397,852.0
5,0.5,0.0,100,50,7,6.0,6.004461050033569,606.0
5,0.5,0.0,100,50,8,5.0,1.5987706184387207,209.0
5,0.5,0.0,100,50,9,8.0,11.529427528381348,927.0
5,0.5,0.0,100,100,0,6.0,2.822971820831299,130.0
5,0.5,0.0,100,100,1,6.0,5.905396223068237,210.0
5,0.5,0.0,100,100,2,7.0,8.73330044746399,211.0
5,0.5,0.0,100,100,3,7.0,7.100404262542725,217.0
5,0.5,0.0,100,100,4,5.0,0.6419963836669922,36.0
5,0.5,0.0,100,100,5,6.0,2.693999767303467,127.0
5,0.5,0.0,100,100,6,4.0,0.37303686141967773,25.0
5,0.5,0.0,100,100,7,8.0,7.720403432846069,316.0
5,0.5,0.0,100,100,8,7.0,3.1399974822998047,136.0
5,0.5,0.0,100,100,9,7.0,5.037341356277466,215.0
5,0.5,0.0,100,150,0,7.0,7.540419101715088,217.0
5,0.5,0.0,100,150,1,6.0,6.642002105712891,210.0
5,0.5,0.0,100,150,2,6.0,4.3489508628845215,125.0
5,0.5,0.0,100,150,3,6.0,10.185106992721558,207.0
5,0.5,0.0,100,150,4,6.0,6.488995313644409,123.0
5,0.5,0.0,100,150,5,5.0,5.4867823123931885,204.0
5,0.5,0.0,100,150,6,6.0,4.313046216964722,108.0
5,0.5,0.0,100,150,7,6.0,8.496871709823608,310.0
5,0.5,0.0,100,150,8,8.0,11.841456651687622,319.0
5,0.5,0.0,100,150,9,8.0,14.061224222183228,415.0
5,1.0,0.0,50,50,0,7.0,4.69052267074585,308.0
5,1.0,0.0,50,50,1,7.0,16.17430305480957,741.0
5,1.0,0.0,50,50,2,6.0,8.318442106246948,542.0
5,1.0,0.0,50,50,3,7.0,9.605939865112305,859.0
5,1.0,0.0,50,50,4,5.0,2.5319931507110596,296.0
5,1.0,0.0,50,50,5,7.0,3.58701491355896,334.0
5,1.0,0.0,50,50,6,7.0,16.8972110748291,1449.0
5,1.0,0.0,50,50,7,8.0,21.790873765945435,934.0
5,1.0,0.0,50,50,8,6.0,7.565820217132568,520.0
5,1.0,0.0,50,50,9,7.0,1.4979593753814697,145.0
5,1.0,0.0,50,100,0,6.0,2.1199984550476074,109.0
5,1.0,0.0,50,100,1,5.0,1.6900012493133545,103.0
5,1.0,0.0,50,100,2,6.0,6.079517602920532,302.0
5,1.0,0.0,50,100,3,5.0,1.2989988327026367,74.0
5,1.0,0.0,50,100,4,6.0,2.226997137069702,109.0
5,1.0,0.0,50,100,5,6.0,3.25434947013855,163.0
5,1.0,0.0,50,100,6,9.0,5.896040201187134,241.0
5,1.0,0.0,50,100,7,7.0,16.672340631484985,467.0
5,1.0,0.0,50,100,8,7.0,15.341779232025146,533.0
5,1.0,0.0,50,100,9,6.0,3.2988502979278564,161.0
5,1.0,0.0,50,150,0,5.0,2.8605756759643555,106.0
5,1.0,0.0,50,150,1,9.0,8.199451208114624,212.0
5,1.0,0.0,50,150,2,6.0,3.1879987716674805,106.0
5,1.0,0.0,50,150,3,8.0,6.650671005249023,177.0
5,1.0,0.0,50,150,4,7.0,4.133999586105347,114.0
5,1.0,0.0,50,150,5,8.0,9.158599376678467,168.0
5,1.0,0.0,50,150,6,7.0,7.630666494369507,119.0
5,1.0,0.0,50,150,7,8.0,7.375014066696167,154.0
5,1.0,0.0,50,150,8,7.0,4.288995981216431,132.0
5,1.0,0.0,50,150,9,7.0,5.067458391189575,156.0
5,1.0,0.0,100,50,0,7.0,6.0620036125183105,543.0
5,1.0,0.0,100,50,1,6.0,4.425106763839722,458.0
5,1.0,0.0,100,50,2,6.0,7.6579437255859375,764.0
5,1.0,0.0,100,50,3,6.0,1.270366907119751,130.0
5,1.0,0.0,100,50,4,9.0,30.24096918106079,1531.0
5,1.0,0.0,100,50,5,6.0,13.070067167282104,1407.0
5,1.0,0.0,100,50,6,8.0,6.502159118652344,620.0
5,1.0,0.0,100,50,7,6.0,2.562722682952881,326.0
5,1.0,0.0,100,50,8,4.0,0.7053203582763672,104.0
5,1.0,0.0,100,50,9,8.0,14.44444489479065,1228.0
5,1.0,0.0,100,100,0,8.0,20.71555495262146,542.0
5,1.0,0.0,100,100,1,6.0,6.4039106369018555,209.0
5,1.0,0.0,100,100,2,8.0,11.030569314956665,424.0
5,1.0,0.0,100,100,3,8.0,5.811854124069214,237.0
5,1.0,0.0,100,100,4,7.0,6.838620185852051,317.0
5,1.0,0.0,100,100,5,8.0,9.261749505996704,441.0
5,1.0,0.0,100,100,6,5.0,5.558603048324585,322.0
5,1.0,0.0,100,100,7,5.0,0.5287649631500244,24.0
5,1.0,0.0,100,100,8,5.0,4.253862619400024,120.0
5,1.0,0.0,100,100,9,6.0,4.652858257293701,117.0
5,1.0,0.0,100,150,0,8.0,25.678252935409546,412.0
5,1.0,0.0,100,150,1,6.0,4.3734190464019775,112.0
5,1.0,0.0,100,150,2,7.0,8.922698259353638,223.0
5,1.0,0.0,100,150,3,7.0,6.886342525482178,219.0
5,1.0,0.0,100,150,4,8.0,16.18668842315674,319.0
5,1.0,0.0,100,150,5,6.0,7.143763542175293,223.0
5,1.0,0.0,100,150,6,7.0,5.443068742752075,167.0
5,1.0,0.0,100,150,7,6.0,5.610239505767822,152.0
5,1.0,0.0,100,150,8,8.0,27.05613684654236,316.0
5,1.0,0.0,100,150,9,8.0,28.023624897003174,422.0
